gid://shopify/Product/8481386332329	classy-tuxedo-husband-birthday-cake-meerut
gid://shopify/Product/8491335712937	motu-patlu-designer-birthday-cake-meerut
gid://shopify/Product/8491378966697	romantic-whisper-wedding-cake-meerut
gid://shopify/Product/8491379032233	wedding-cake-with-fresh-flowers
gid://shopify/Product/8491379065001	royal-lace-fantasy-wedding-cake-meerut
gid://shopify/Product/8491379097769	delicate-lace-wedding-cake-meerut
gid://shopify/Product/8491379130537	wedding-cake-with-drips
gid://shopify/Product/8491379327145	twilight-glow-wedding-cake-meerut
gid://shopify/Product/8491379359913	celestial-symphony-traditional-indian-wedding-cake
gid://shopify/Product/8491379425449	velvet-garden-wedding-cake-meerut
gid://shopify/Product/8491379458217	glitter-wedding-cake
gid://shopify/Product/8491379490985	ivory-dream-wedding-cake-meerut
gid://shopify/Product/8491379589289	pink-floral-wedding-cake-meerut
gid://shopify/Product/8491379654825	lace-wedding-cake
gid://shopify/Product/8491379753129	white-wedding-cake
gid://shopify/Product/8491379851433	luxury-wedding-cake
gid://shopify/Product/8491379884201	elegant-wedding-cake
gid://shopify/Product/8764631089321	eternal-bond-heart-anniversary-cake-meerut
gid://shopify/Product/8764678996137	love-never-gets-old-anniversary-cake-meerut
gid://shopify/Product/8764679553193	timeless-togetherness-designer-anniversary-cake-meerut
gid://shopify/Product/8768173834409	anniversary-flower-cake-meerut
gid://shopify/Product/8768173867177	designer-wedding-cake-meerut
gid://shopify/Product/8768173899945	cream-designer-cake-meerut
gid://shopify/Product/8768173932713	wedding-anniversary-celebration-cake-meerut
gid://shopify/Product/8768174031017	designer-baby-pink-bow-cake-meerut
gid://shopify/Product/8768174162089	rainbow-butterfly-theme-cake-meerut
gid://shopify/Product/8768174194857	personalized-photo-birthday-cake-meerut
gid://shopify/Product/8768174489769	cream-with-design-flower-cake-meerut
gid://shopify/Product/8768174522537	custom-animal-theme-cake-meerut
gid://shopify/Product/8768174620841	jungle-safari-birthday-cake-meerut
gid://shopify/Product/8768174686377	luxury-two-tier-anniversary-cake-meerut
gid://shopify/Product/8768175014057	audi-car-theme-birthday-cake-meerut
gid://shopify/Product/8768175112361	jungle-theme-custom-cake-meerut
gid://shopify/Product/8768175243433	custom-cricket-birthday-cake-meerut
gid://shopify/Product/8768175374505	elegant-floral-anniversary-birthday-cake-meerut
gid://shopify/Product/8768175407273	elegant-two-tier-anniversary-wedding-cake-meerut
gid://shopify/Product/8768175538345	luxury-unicorn-two-tier-cake-meerut
gid://shopify/Product/8768175603881	pastel-theme-cake-meerut
gid://shopify/Product/8768175636649	stylish-designer-birthday-cake-meerut
gid://shopify/Product/8768175669417	alphabet-number-theme-birthday-cake-meerut
gid://shopify/Product/8768175734953	jungle-theme-classic-birthday-cake-meerut
gid://shopify/Product/8768175866025	boho-lion-jungle-theme-cake-meerut
gid://shopify/Product/8768176062633	luxury-rokafied-anniversary-cake-meerut
gid://shopify/Product/8768176095401	luxury-mermaid-two-tier-cake-meerut
gid://shopify/Product/8768176259241	premium-bride-to-be-cake-meerut
gid://shopify/Product/8768176357545	castle-designer-multi-tier-cake-meerut
gid://shopify/Product/8768176423081	doctor-theme-cake-meerut
gid://shopify/Product/8768176455849	flower-pot-theme-cake-meerut
gid://shopify/Product/8768176488617	football-club-theme-cake-meerut
gid://shopify/Product/8768176619689	luxury-gentleman-suit-cake-meerut
gid://shopify/Product/8768176685225	queen-rose-designer-birthday-cake-meerut
gid://shopify/Product/8768176717993	ronaldo-football-designer-cake-meerut
gid://shopify/Product/8768176783529	avengers-logo-theme-cake-meerut
gid://shopify/Product/8768176881833	bride-to-be-designer-cake-meerut
gid://shopify/Product/8768176947369	colorful-butterfly-birthday-cake-meerut
gid://shopify/Product/8768177111209	heart-love-you-birthday-cake-meerut
gid://shopify/Product/8768177176745	rainbow-tier-designer-cake-meerut
gid://shopify/Product/8768177242281	birthday-two-tier-designer-cake-meerut
gid://shopify/Product/8768177275049	birthday-love-queen-cake-meerut
gid://shopify/Product/8768177307817	white-alcohol-designer-cake-meerut
gid://shopify/Product/8768177438889	grey-white-designer-cake-meerut
gid://shopify/Product/8768177471657	heart-cream-designer-cake-meerut
gid://shopify/Product/8768177569961	luxury-exclusive-birthday-cake-meerut
gid://shopify/Product/8768177602729	number-designer-birthday-cake-meerut
gid://shopify/Product/8768177635497	playstation-controller-birthday-cake-meerut
gid://shopify/Product/8768177733801	advocate-theme-cake-meerut
gid://shopify/Product/8768177897641	cricket-bat-ball-cake-meerut
gid://shopify/Product/8768178159785	rokafied-anniversary-celebration-cake-meerut
gid://shopify/Product/8768178290857	boy-girl-designer-cake-meerut
gid://shopify/Product/8768178323625	classic-happy-birthday-designer-cake-meerut
gid://shopify/Product/8768178356393	couple-anniversary-calendar-cake-meerut
gid://shopify/Product/8768178421929	football-theme-cake-meerut
gid://shopify/Product/8768178454697	heart-romantic-cake-meerut
gid://shopify/Product/8768178585769	modern-fault-line-cake-meerut
gid://shopify/Product/8768178618537	queen-designer-cake-meerut
gid://shopify/Product/8768178651305	retirement-cream-celebration-cake-meerut
gid://shopify/Product/8768178749609	yellow-floral-cream-cake-meerut
gid://shopify/Product/8768178782377	alcohol-theme-friendship-cake-meerut
gid://shopify/Product/8768178847913	fondant-designer-cake-meerut
gid://shopify/Product/8768178880681	bow-theme-cake-meerut
gid://shopify/Product/8768178913449	car-wine-designer-cake-meerut
gid://shopify/Product/8768179011753	harry-potter-theme-cake-meerut
gid://shopify/Product/8768179044521	jungle-animal-theme-tier-cake-meerut
gid://shopify/Product/8768179175593	lord-shiva-theme-cake-meerut
gid://shopify/Product/8768179208361	teddy-rainbow-theme-cake-meerut
gid://shopify/Product/8768179241129	wedding-floral-two-tier-cake-meerut
gid://shopify/Product/8768179273897	army-retirement-theme-cake-meerut
gid://shopify/Product/8768179339433	heart-celebration-special-designer-cake-meerut
gid://shopify/Product/8768179437737	bow-princess-birthday-cake-meerut
gid://shopify/Product/8768179470505	hello-kitty-designer-cake-meerut
gid://shopify/Product/8768179503273	krishna-janmashtami-theme-cake-meerut
gid://shopify/Product/8768179536041	mercedes-designer-cake-meerut
gid://shopify/Product/8768179601577	mom-dad-cake-meerut
gid://shopify/Product/8768179634345	mom-to-be-cake-meerut
gid://shopify/Product/8768179667113	office-theme-cake-meerut
gid://shopify/Product/8768179732649	princess-designer-cake-meerut
gid://shopify/Product/8768181338281	ch225
gid://shopify/Product/8768181371049	ch226
gid://shopify/Product/8768181403817	ch227
gid://shopify/Product/8768181469353	ch229
gid://shopify/Product/8768181502121	ch230
gid://shopify/Product/8768181534889	ch231
gid://shopify/Product/8768181567657	ch232
gid://shopify/Product/8768181633193	ch234
gid://shopify/Product/8768181665961	ch235
gid://shopify/Product/8768181797033	ch238
gid://shopify/Product/8768181829801	ch239
gid://shopify/Product/8768181928105	ch241
gid://shopify/Product/8768181993641	ch242
gid://shopify/Product/8768182026409	ch243
gid://shopify/Product/8768182091945	ch244
gid://shopify/Product/8768182747305	ch246
gid://shopify/Product/8768182812841	ch248
gid://shopify/Product/8768182845609	ch249
gid://shopify/Product/8768182878377	ch250
gid://shopify/Product/8768182911145	ch251
gid://shopify/Product/8768182943913	ch252
gid://shopify/Product/8768182976681	ch253
gid://shopify/Product/8768183009449	ch254
gid://shopify/Product/8768183042217	ch255
gid://shopify/Product/8768183074985	ch256
gid://shopify/Product/8768183107753	ch257
gid://shopify/Product/8768183140521	ch258
gid://shopify/Product/8768183206057	ch260
gid://shopify/Product/8768183238825	ch261
gid://shopify/Product/8768183271593	ch262
gid://shopify/Product/8768183304361	ch263
gid://shopify/Product/8768183337129	ch264
gid://shopify/Product/8768183369897	ch265
gid://shopify/Product/8768183402665	ch266
gid://shopify/Product/8768183435433	ch267
gid://shopify/Product/8768183468201	ch268
gid://shopify/Product/8768183500969	ch269
gid://shopify/Product/8768183533737	ch270
gid://shopify/Product/8768183566505	ch271
gid://shopify/Product/8768183599273	ch272
gid://shopify/Product/8768183632041	ch273
gid://shopify/Product/8768183664809	ch274
gid://shopify/Product/8768183697577	ch275
gid://shopify/Product/8768183730345	ch276
gid://shopify/Product/8768183763113	ch277
gid://shopify/Product/8768183828649	ch279
gid://shopify/Product/8768183861417	ch280
gid://shopify/Product/8768183894185	ch281
gid://shopify/Product/8768183926953	ch282
gid://shopify/Product/8768183959721	ch283
gid://shopify/Product/8768183992489	ch284
gid://shopify/Product/8768184025257	ch285
gid://shopify/Product/8768184058025	ch286
gid://shopify/Product/8768184090793	ch287
gid://shopify/Product/8768184123561	ch288
gid://shopify/Product/8768184156329	ch289
gid://shopify/Product/8768184221865	ch291
gid://shopify/Product/8768184484009	ch299
gid://shopify/Product/8768184516777	ch300
gid://shopify/Product/8819423215785	hamper13
gid://shopify/Product/8819423248553	hamper14
gid://shopify/Product/8819423543465	hamper23
gid://shopify/Product/8820555874473	anniversary-eternal-bloom-cake
gid://shopify/Product/8820555972777	anniversary-eternal-grace-cake
gid://shopify/Product/8820556005545	anniversary-grand-affection-cake
gid://shopify/Product/8820556038313	anniversary-keepsake-memory-cake
gid://shopify/Product/8820556103849	anniversary-love-crown-cake
gid://shopify/Product/8820556136617	anniversary-love-edition-cake
gid://shopify/Product/8820556267689	anniversary-love-sphere-cake
gid://shopify/Product/8820556300457	anniversary-pure-love-signature-cake
gid://shopify/Product/8820556464297	anniversary-royal-grace-cake
gid://shopify/Product/8820556497065	celebrating-us-anniversary-cake
gid://shopify/Product/8820556529833	classic-anniversary-bliss-cake
gid://shopify/Product/8820556562601	couple-crown-anniversary-cake
gid://shopify/Product/8820556595369	couple-rings-anniversary-cake
gid://shopify/Product/8820556628137	elegant-anniversary-couple-cake
gid://shopify/Product/8820557021353	endless-love-anniversary-premium-cake
gid://shopify/Product/8820557152425	eternal-bliss-anniversary-cake
gid://shopify/Product/8820557217961	eternal-connection-anniversary-cake
gid://shopify/Product/8820557250729	eternal-couple-anniversary-cake
gid://shopify/Product/8820557283497	eternal-journey-anniversary-cake
gid://shopify/Product/8820557414569	eternal-promise-anniversary-cake
gid://shopify/Product/8820557447337	eternal-story-anniversary-cake
gid://shopify/Product/8820557480105	eternal-touch-anniversary-cake
gid://shopify/Product/8820557775017	eternal-union-anniversary-cake
gid://shopify/Product/8820557840553	ever-after-anniversary-cake
gid://shopify/Product/8820557873321	everlasting-promise-anniversary-cake
gid://shopify/Product/8820557906089	faithful-hearts-anniversary-cake
gid://shopify/Product/8820557938857	forever-begins-anniversary-cake
gid://shopify/Product/8820557971625	forever-blessings-anniversary-cake
gid://shopify/Product/8820558004393	forever-chapter-anniversary-cake
gid://shopify/Product/8820558102697	forever-glow-anniversary-cake
gid://shopify/Product/8820558463145	forever-mine-anniversary-cake
gid://shopify/Product/8820558659753	forever-promise-anniversary-cake
gid://shopify/Product/8820558692521	forever-together-anniversary-cake
gid://shopify/Product/8820558725289	forever-yours-anniversary-cake
gid://shopify/Product/8820558758057	glorious-union-anniversary-cake
gid://shopify/Product/8820558790825	golden-love-anniversary-cake
gid://shopify/Product/8820558823593	grand-anniversary-heart-cake
gid://shopify/Product/8820558856361	heart-connection-anniversary-cake
gid://shopify/Product/8820558889129	heart-linked-anniversary-cake
gid://shopify/Product/8820559413417	infinity-love-anniversary-cake
gid://shopify/Product/8820559446185	jubilee-love-anniversary-cake
gid://shopify/Product/8820559478953	journey-together-anniversary-cake
gid://shopify/Product/8820559544489	lifetime-love-anniversary-cake
gid://shopify/Product/8820559577257	love-arch-anniversary-cake
gid://shopify/Product/8820559610025	love-bound-anniversary-cake
gid://shopify/Product/8820559642793	love-infinity-anniversary-cake
gid://shopify/Product/8820560101545	my-forever-person-anniversary-cake
gid://shopify/Product/8820560134313	never-ending-love-anniversary-cake
gid://shopify/Product/8820560167081	precious-bond-anniversary-cake
gid://shopify/Product/8820560199849	precious-moments-anniversary-cake
gid://shopify/Product/8820560232617	promise-of-forever-anniversary-cake
gid://shopify/Product/8820560265385	pure-love-anniversary-cake
gid://shopify/Product/8820560298153	romantic-anniversary-aura-cake
gid://shopify/Product/8820560330921	romantic-anniversary-couple-cake
gid://shopify/Product/8820560822441	romantic-forever-anniversary-cake
gid://shopify/Product/8820560855209	romantic-unity-anniversary-cake
gid://shopify/Product/8820560887977	romantic-vows-anniversary-cake
gid://shopify/Product/8820560920745	royal-anniversary-celebration-cake
gid://shopify/Product/8820560986281	soulmate-anniversary-surprise-cake
gid://shopify/Product/8820561019049	soulsync-anniversary-cake
gid://shopify/Product/8820561051817	stronger-together-anniversary-cake
gid://shopify/Product/8820561838249	timeless-bond-anniversary-cake
gid://shopify/Product/8820561871017	timeless-love-anniversary-cake
gid://shopify/Product/8820561903785	timeless-together-anniversary-cake
gid://shopify/Product/8820561936553	together-always-anniversary-cake
gid://shopify/Product/8820561969321	together-forever-anniversary-cake
gid://shopify/Product/8820562002089	true-love-anniversary-cake
gid://shopify/Product/8820562034857	two-hearts-one-soul-anniversary-cake
gid://shopify/Product/8820562067625	two-souls-anniversary-cake
gid://shopify/Product/8820562100393	two-souls-one-heart-anniversary-cake
gid://shopify/Product/8820562133161	united-souls-anniversary-cake
gid://shopify/Product/8820562362537	vintage-romance-anniversary-cake
gid://shopify/Product/8820562395305	we-two-forever-anniversary-cake
gid://shopify/Product/8820562428073	wedding-vows-anniversary-cake
gid://shopify/Product/8820562460841	you-and-me-anniversary-cake
gid://shopify/Product/8822926409897	b18
gid://shopify/Product/8822926442665	b19
gid://shopify/Product/8822926475433	b20
gid://shopify/Product/8822926508201	b21
gid://shopify/Product/8822926573737	b23
gid://shopify/Product/8822926606505	b24
gid://shopify/Product/8822926639273	b25
gid://shopify/Product/8822927229097	b28
gid://shopify/Product/8822927917225	b29
gid://shopify/Product/8822927949993	b30
gid://shopify/Product/8822928015529	b31
gid://shopify/Product/8822928048297	b32
gid://shopify/Product/8822928113833	b34
gid://shopify/Product/8822928146601	b35
gid://shopify/Product/8822928179369	b36
gid://shopify/Product/8822928212137	b37
gid://shopify/Product/8822928244905	b38
gid://shopify/Product/8822928375977	b41
gid://shopify/Product/8822928408745	b42
gid://shopify/Product/8822928474281	b44
gid://shopify/Product/8822928507049	b45
gid://shopify/Product/8822928539817	b46
gid://shopify/Product/8822928605353	b47
gid://shopify/Product/8822928638121	b48
gid://shopify/Product/8822928670889	b49
gid://shopify/Product/8822928998569	b59
gid://shopify/Product/8822929031337	b60
gid://shopify/Product/8822929064105	b61
gid://shopify/Product/8822929096873	b62
gid://shopify/Product/8822929129641	b63
gid://shopify/Product/8822929162409	b64
gid://shopify/Product/8822929195177	b65
gid://shopify/Product/8822929424553	b71
gid://shopify/Product/8822929490089	b73
gid://shopify/Product/8822929555625	b75
gid://shopify/Product/8822929588393	b76
gid://shopify/Product/8822929653929	b77
gid://shopify/Product/8822929686697	b78
gid://shopify/Product/8822929719465	b79
gid://shopify/Product/8822929752233	b80
gid://shopify/Product/8822929785001	b81
gid://shopify/Product/8822929850537	b82
gid://shopify/Product/8822929883305	b83
gid://shopify/Product/8822929916073	b84
gid://shopify/Product/8822929981609	b85
gid://shopify/Product/8822930014377	b86
gid://shopify/Product/8822930047145	b87
gid://shopify/Product/8822930112681	b89
gid://shopify/Product/8822930145449	b90
gid://shopify/Product/8822930178217	b91
gid://shopify/Product/8822930243753	b93
gid://shopify/Product/8822930276521	b94
gid://shopify/Product/8822930309289	b95
gid://shopify/Product/8822930342057	b96
gid://shopify/Product/8822930374825	b97
gid://shopify/Product/8822930407593	b98
gid://shopify/Product/8822930473129	b99
gid://shopify/Product/8822930505897	b100
gid://shopify/Product/8822930538665	b101
gid://shopify/Product/8822930571433	b102
gid://shopify/Product/8822930604201	b103
gid://shopify/Product/8822930636969	b104
gid://shopify/Product/8822930669737	b105
gid://shopify/Product/8822930735273	b106
gid://shopify/Product/8822930768041	b107
gid://shopify/Product/8822930800809	b108
gid://shopify/Product/8822930833577	b109
gid://shopify/Product/8822930866345	b110
gid://shopify/Product/8822930899113	b111
gid://shopify/Product/8822930931881	b112
gid://shopify/Product/8822930964649	b113
gid://shopify/Product/8822930997417	b114
gid://shopify/Product/8822931030185	b115
gid://shopify/Product/8822931062953	b116
gid://shopify/Product/8822931128489	b117
gid://shopify/Product/8822931161257	b118
gid://shopify/Product/8822931194025	b119
gid://shopify/Product/8822931226793	b120
gid://shopify/Product/8822931259561	b121
gid://shopify/Product/8822931292329	b122
gid://shopify/Product/8822931325097	b123
gid://shopify/Product/8822931357865	b124
gid://shopify/Product/8822931390633	b125
gid://shopify/Product/8822931456169	b127
gid://shopify/Product/8822931488937	b128
gid://shopify/Product/8822931521705	b129
gid://shopify/Product/8822931554473	b130
gid://shopify/Product/8822931587241	b131
gid://shopify/Product/8822931620009	b132
gid://shopify/Product/8822931685545	b133
gid://shopify/Product/8822931751081	b134
gid://shopify/Product/8822931783849	b135
gid://shopify/Product/8822931816617	b136
gid://shopify/Product/8822931914921	b138
gid://shopify/Product/8822931947689	b139
gid://shopify/Product/8822931980457	b140
gid://shopify/Product/8822932013225	b141
gid://shopify/Product/8822932045993	b142
gid://shopify/Product/8822932078761	b143
gid://shopify/Product/8822932111529	b144
gid://shopify/Product/8822932144297	b145
gid://shopify/Product/8822932177065	b146
gid://shopify/Product/8822932209833	b147
gid://shopify/Product/8822932242601	b148
gid://shopify/Product/8822932275369	b149
gid://shopify/Product/8822932308137	b150
gid://shopify/Product/8822932340905	b151
gid://shopify/Product/8822932406441	b152
gid://shopify/Product/8822932439209	b153
gid://shopify/Product/8822932471977	b154
gid://shopify/Product/8822932504745	b155
gid://shopify/Product/8822932537513	b156
gid://shopify/Product/8822932570281	b157
gid://shopify/Product/8822932603049	b158
gid://shopify/Product/8822932635817	b159
gid://shopify/Product/8822932701353	b161
gid://shopify/Product/8822932734121	b162
gid://shopify/Product/8822932766889	b163
gid://shopify/Product/8822932799657	b164
gid://shopify/Product/8822932832425	b165
gid://shopify/Product/8822932865193	b166
gid://shopify/Product/8822932897961	b167
gid://shopify/Product/8822932930729	b168
gid://shopify/Product/8822932963497	b169
gid://shopify/Product/8822933029033	b170
gid://shopify/Product/8822933061801	b171
gid://shopify/Product/8822933094569	b172
gid://shopify/Product/8822933127337	b173
gid://shopify/Product/8822933160105	b174
gid://shopify/Product/8822933192873	b175
gid://shopify/Product/8822933225641	b176
gid://shopify/Product/8822933258409	b177
gid://shopify/Product/8822933291177	b178
gid://shopify/Product/8822933323945	b179
gid://shopify/Product/8822933389481	b181
gid://shopify/Product/8822933422249	b182
gid://shopify/Product/8822933749929	b191
gid://shopify/Product/8823110205609	love-connection-birthday-cake
gid://shopify/Product/8823110238377	heartfelt-bliss-birthday-cake
gid://shopify/Product/8823110271145	romantic-journey-birthday-cake
gid://shopify/Product/8823110303913	soulful-birthday-celebration-cake
gid://shopify/Product/8823110336681	eternal-feelings-birthday-cake
gid://shopify/Product/8823110369449	romantic-harmony-birthday-cake
gid://shopify/Product/8823110402217	forever-heart-birthday-cake
gid://shopify/Product/8823110434985	pure-emotion-birthday-cake
gid://shopify/Product/8823110500521	love-infinity-birthday-cake
gid://shopify/Product/8823110533289	romantic-essence-birthday-cake
gid://shopify/Product/8823110566057	love-signature-birthday-cake
gid://shopify/Product/8823110631593	birthday-couple-celebration-cake
gid://shopify/Product/8823110664361	love-vision-birthday-cake
gid://shopify/Product/8823110729897	pure-love-celebration-cake
gid://shopify/Product/8823110795433	forever-together-birthday-cake
gid://shopify/Product/8823110860969	eternal-romance-birthday-cake
gid://shopify/Product/8823110893737	romantic-twilight-birthday-cake
gid://shopify/Product/8823110926505	celebration-of-love-birthday-cake
gid://shopify/Product/8823110992041	birthday-affection-glow-cake
gid://shopify/Product/8823111024809	romantic-radiance-birthday-cake
gid://shopify/Product/8823111057577	heartfelt-emotion-birthday-cake
gid://shopify/Product/8823111123113	elegant-romantic-birthday-cake
gid://shopify/Product/8823111188649	birthday-love-harmony-cake
gid://shopify/Product/8823111221417	forever-us-birthday-cake
gid://shopify/Product/8823111286953	loving-heart-birthday-cake
gid://shopify/Product/8823111352489	love-horizon-birthday-cake
gid://shopify/Product/8823111418025	forever-bloom-birthday-cake
gid://shopify/Product/8823111450793	divine-love-birthday-cake
gid://shopify/Product/8823111483561	romantic-everglow-birthday-cake
gid://shopify/Product/8823111516329	together-always-birthday-cake
gid://shopify/Product/8823111549097	romantic-aura-birthday-cake
gid://shopify/Product/8823111581865	love-aura-luxe-birthday-cake
gid://shopify/Product/8823111614633	soulmate-birthday-celebration-cake
gid://shopify/Product/8823111680169	love-reflect-birthday-cake
gid://shopify/Product/8823111712937	sweet-connection-birthday-cake
gid://shopify/Product/8823111745705	forever-mine-birthday-cake
gid://shopify/Product/8823111778473	pure-heart-birthday-cake
gid://shopify/Product/8823111811241	romantic-grace-birthday-cake
gid://shopify/Product/8823111844009	heartline-glow-birthday-cake
gid://shopify/Product/8823111909545	true-love-birthday-cake
gid://shopify/Product/8823111942313	eternal-bond-birthday-cake
gid://shopify/Product/8823111975081	romantic-moment-birthday-cake
gid://shopify/Product/8823112106153	love-aura-birthday-cake
gid://shopify/Product/8823112138921	romantic-bloom-birthday-cake
gid://shopify/Product/8823112204457	golden-celebration-crown-cake
gid://shopify/Product/8823112302761	elite-apex-birthday-cake
gid://shopify/Product/8823112335529	celebration-royal-bloom-cake
gid://shopify/Product/8823112368297	majestic-aura-birthday-cake
gid://shopify/Product/8823112401065	celebration-infinity-birthday-cake
gid://shopify/Product/8823112466601	supreme-wave-birthday-cake
gid://shopify/Product/8823112499369	luxe-halo-birthday-cake
gid://shopify/Product/8823112532137	grand-aurora-birthday-cake
gid://shopify/Product/8823112564905	signature-radiant-birthday-cake
gid://shopify/Product/8823112597673	royal-echo-birthday-cake
gid://shopify/Product/8823112663209	pure-signature-birthday-cake
gid://shopify/Product/8823112695977	infinite-shine-birthday-cake
gid://shopify/Product/8823112728745	celebration-elite-crown-cake
gid://shopify/Product/8823112761513	superior-class-birthday-cake
gid://shopify/Product/8823112794281	celebration-regal-flow-cake
gid://shopify/Product/8823112859817	luxe-essence-birthday-cake
gid://shopify/Product/8823112892585	platinum-grand-birthday-cake
gid://shopify/Product/8823112925353	celebration-pure-glow-cake
gid://shopify/Product/8823112958121	elite-wave-birthday-cake
gid://shopify/Product/8823112990889	signature-light-birthday-cake
gid://shopify/Product/8823113056425	grand-eternal-birthday-cake
gid://shopify/Product/8823113089193	luxe-wish-birthday-cake
gid://shopify/Product/8823113121961	supreme-grace-birthday-cake
gid://shopify/Product/8823113154729	majestic-light-birthday-cake
gid://shopify/Product/8823113187497	luxe-celebratory-crown-cake
gid://shopify/Product/8823113220265	celebration-goldline-birthday-cake
gid://shopify/Product/8823113253033	zenith-shine-birthday-cake
gid://shopify/Product/8823113285801	pure-radiance-birthday-cake
gid://shopify/Product/8823113318569	enlightened-glow-birthday-cake
gid://shopify/Product/8823113351337	royal-luxe-essence-cake
gid://shopify/Product/8823113384105	infinite-luxe-birthday-cake
gid://shopify/Product/8823113449641	deluxe-star-birthday-cake
gid://shopify/Product/8823113482409	supreme-crystal-birthday-cake
gid://shopify/Product/8823113580713	birthday-platinum-glow-cake
gid://shopify/Product/8823113613481	celebration-horizon-birthday-cake
gid://shopify/Product/8823113679017	opulent-shine-birthday-cake
gid://shopify/Product/8823113711785	supreme-glow-celebration-cake
gid://shopify/Product/8823113744553	bright-aura-birthday-cake
gid://shopify/Product/8823113842857	grand-illumina-birthday-cake
gid://shopify/Product/8823113875625	celebration-festive-glow-cake
gid://shopify/Product/8823113908393	elite-moment-birthday-cake
gid://shopify/Product/8823113941161	orchid-luxe-birthday-cake
gid://shopify/Product/8823113973929	golden-radiance-birthday-cake
gid://shopify/Product/8823114006697	crowned-grandeur-birthday-cake
gid://shopify/Product/8823114039465	celebration-icon-birthday-cake
gid://shopify/Product/8823114072233	prestige-crown-birthday-cake
gid://shopify/Product/8823114105001	noble-shine-birthday-cake
gid://shopify/Product/8823114137769	signature-supreme-birthday-cake
gid://shopify/Product/8823114170537	elite-aura-celebration-cake
gid://shopify/Product/8823114268841	celebration-supreme-birthday-cake
gid://shopify/Product/8823114301609	divine-aura-birthday-cake
gid://shopify/Product/8823114334377	grand-celebration-centerpiece-cake
gid://shopify/Product/8823114367145	luxe-glow-celebration-cake
gid://shopify/Product/8823114399913	regal-dream-birthday-cake
gid://shopify/Product/8823114530985	elite-platinum-birthday-cake
gid://shopify/Product/8823114563753	pure-class-birthday-cake
gid://shopify/Product/8823114596521	celebration-grandeur-birthday-cake
gid://shopify/Product/8823114629289	royal-essence-birthday-cake
gid://shopify/Product/8823114662057	birthday-signature-edition-cake
gid://shopify/Product/8823114694825	grand-harmony-birthday-cake
gid://shopify/Product/8823114760361	stellar-luxe-birthday-cake
gid://shopify/Product/8823114825897	golden-peak-birthday-cake
gid://shopify/Product/8823114858665	elite-celebration-birthday-cake
gid://shopify/Product/8823114891433	velvet-shine-birthday-cake
gid://shopify/Product/8823114924201	designer-glory-birthday-cake
gid://shopify/Product/8823114956969	infinite-aura-birthday-cake
gid://shopify/Product/8823114989737	ultra-luxe-birthday-cake
gid://shopify/Product/8823115022505	grand-signature-birthday-cake
gid://shopify/Product/8823115055273	imperial-birthday-cake
gid://shopify/Product/8823115088041	finest-class-birthday-cake
gid://shopify/Product/8823115120809	heavenly-shine-birthday-cake
gid://shopify/Product/8823115186345	prestige-glow-birthday-cake
gid://shopify/Product/8823115219113	bold-luxe-birthday-cake
gid://shopify/Product/8823115251881	premium-crown-birthday-cake
gid://shopify/Product/8823115284649	majestic-rise-birthday-cake
gid://shopify/Product/8823115317417	supreme-elegance-birthday-cake
gid://shopify/Product/8823115350185	diamond-class-birthday-cake
gid://shopify/Product/8823115382953	premium-spark-birthday-cake
gid://shopify/Product/8823115415721	royal-glow-birthday-cake
gid://shopify/Product/8823118659753	platinum-aura-birthday-cake
gid://shopify/Product/8823118692521	golden-glow-birthday-cake
gid://shopify/Product/8823118725289	celebration-luxe-birthday-cake
gid://shopify/Product/8823118758057	masterpiece-birthday-cake
gid://shopify/Product/8823118790825	elite-charm-birthday-cake
gid://shopify/Product/8823118823593	grand-moment-birthday-cake
gid://shopify/Product/8823118889129	modern-luxe-birthday-cake
gid://shopify/Product/8823118954665	regal-shine-birthday-cake
gid://shopify/Product/8823118987433	classic-bliss-birthday-cake
gid://shopify/Product/8823119020201	signature-elite-birthday-cake
gid://shopify/Product/8823119052969	golden-aura-birthday-cake
gid://shopify/Product/8823119085737	luxe-crown-birthday-cake
gid://shopify/Product/8825268371625	kundan-jewel-luxury-wedding-cake
gid://shopify/Product/8825268404393	nawabi-elegance-wedding-cake
gid://shopify/Product/8825268469929	rajwada-heritage-wedding-cake
gid://shopify/Product/8825268502697	maharani-royale-wedding-cake
gid://shopify/Product/8825268568233	ultra-modern-couture-wedding-cake
gid://shopify/Product/8825268601001	soft-matte-elegance-wedding-cake
gid://shopify/Product/8825268666537	contemporary-gold-accent-wedding-cake
gid://shopify/Product/8825268699305	pure-geometry-luxe-wedding-cake
gid://shopify/Product/8825268764841	infinity-line-minimal-wedding-cake
gid://shopify/Product/8825268797609	modern-sculpted-tier-wedding-cake
gid://shopify/Product/8825268830377	urban-aesthetic-wedding-cake
gid://shopify/Product/8825268928681	minimalist-pearl-wave-wedding-cake
gid://shopify/Product/8825268994217	modern-luxe-edged-wedding-cake
gid://shopify/Product/8825269059753	blush-whisper-premium-wedding-cake
gid://shopify/Product/8825269092521	endless-elegance-vow-wedding-cake
gid://shopify/Product/8825269158057	soft-serenity-romance-wedding-cake
gid://shopify/Product/8825269190825	moonlit-vows-wedding-cake
gid://shopify/Product/8825269256361	enchanted-romance-glow-wedding-cake
gid://shopify/Product/8825269289129	forever-promise-deluxe-wedding-cake
gid://shopify/Product/8825269354665	timeless-love-aesthetic-wedding-cake
gid://shopify/Product/8825269387433	whispering-hearts-designer-wedding-cake
gid://shopify/Product/8825269420201	eternal-romance-couture-wedding-cake
gid://shopify/Product/8825269485737	floral-mirage-premium-wedding-cake
gid://shopify/Product/8825269518505	petal-symphony-luxury-wedding-cake
gid://shopify/Product/8825269584041	meadow-bloom-tiered-wedding-cake
gid://shopify/Product/8825269616809	orchid-aura-signature-wedding-cake
gid://shopify/Product/8825269682345	mystic-rose-aesthetic-wedding-cake
gid://shopify/Product/8825269747881	wildflower-dream-couture-wedding-cake
gid://shopify/Product/8825269780649	blush-blossom-grandeur-wedding-cake
gid://shopify/Product/8825269846185	secret-garden-luxe-wedding-cake
gid://shopify/Product/8825269878953	enchanted-petal-harmony-wedding-cake
gid://shopify/Product/8825269911721	bloom-royale-designer-wedding-cake
gid://shopify/Product/8825269977257	luxe-dynasty-floral-wedding-cake
gid://shopify/Product/8825270010025	sovereign-glow-premium-wedding-cake
gid://shopify/Product/8825270075561	diamond-regal-couture-wedding-cake
gid://shopify/Product/8825270108329	majestic-pearl-radiance-wedding-cake
gid://shopify/Product/8825270206633	platinum-crown-signature-wedding-cake
gid://shopify/Product/8825270272169	elite-regal-opulence-wedding-cake
gid://shopify/Product/8825270370473	imperial-luxe-fusion-wedding-cake
gid://shopify/Product/8825270436009	grand-velvet-couture-wedding-cake
gid://shopify/Product/8825270468777	luxe-royale-signature-wedding-cake
gid://shopify/Product/8825534939305	unforgettable-moment-birthday-cake
gid://shopify/Product/8825534972073	celebration-radiant-sky-cake
gid://shopify/Product/8825535037609	birthday-mood-glow-cake
gid://shopify/Product/8825535103145	birthday-realms-cake
gid://shopify/Product/8825535135913	celebration-orbit-birthday-cake
gid://shopify/Product/8825535168681	pure-uplift-birthday-cake
gid://shopify/Product/8825535266985	party-horizon-birthday-cake
gid://shopify/Product/8825535299753	celebration-everlight-cake
gid://shopify/Product/8825535332521	birthday-inspire-glow-cake
gid://shopify/Product/8825535398057	celebration-call-birthday-cake
gid://shopify/Product/8825535430825	birthday-pure-vision-cake
gid://shopify/Product/8825535529129	celebration-peak-glow-cake
gid://shopify/Product/8825535561897	warm-light-birthday-cake
gid://shopify/Product/8825535594665	evening-aura-birthday-cake
gid://shopify/Product/8825535627433	afternoon-delight-birthday-cake
gid://shopify/Product/8825535692969	birthday-gala-crest-cake
gid://shopify/Product/8825535758505	celebration-stellar-shine-cake
gid://shopify/Product/8825535791273	birthday-gala-glow-cake
gid://shopify/Product/8825535856809	celebration-highpoint-cake
gid://shopify/Product/8825535922345	party-crown-birthday-cake
gid://shopify/Product/8825535987881	celebration-radiant-peak-cake
gid://shopify/Product/8825536053417	joyful-rise-birthday-cake
gid://shopify/Product/8825536086185	celebration-elevate-cake
gid://shopify/Product/8825536151721	birthday-celestial-cake
gid://shopify/Product/8825536184489	sunshine-celebration-birthday-cake
gid://shopify/Product/8825536282793	festive-vibe-birthday-cake
gid://shopify/Product/8825536381097	birthday-nova-glow-cake
gid://shopify/Product/8825536413865	celebration-pure-shine-cake
gid://shopify/Product/8825536544937	celebration-spirit-birthday-cake
gid://shopify/Product/8825536610473	grand-festivity-birthday-cake
gid://shopify/Product/8825536774313	spark-moment-birthday-cake
gid://shopify/Product/8825536807081	celebration-uplift-birthday-cake
gid://shopify/Product/8825536839849	birthday-inspire-cake
gid://shopify/Product/8825536938153	pure-celebration-birthday-cake
gid://shopify/Product/8825537036457	birthday-dreamline-cake
gid://shopify/Product/8825537069225	celebration-aurora-cake
gid://shopify/Product/8825537167529	joyful-aura-birthday-cake
gid://shopify/Product/8825537233065	birthday-horizon-cake
gid://shopify/Product/8825537364137	starglow-celebration-birthday-cake
gid://shopify/Product/8825537396905	birthday-illusion-cake
gid://shopify/Product/8825537462441	celebration-presence-birthday-cake
gid://shopify/Product/8825537527977	aurora-celebration-birthday-cake
gid://shopify/Product/8825537593513	bright-fest-birthday-cake
gid://shopify/Product/8825537659049	pure-joy-birthday-cake
gid://shopify/Product/8825537757353	birthday-finale-cake
gid://shopify/Product/8825537790121	iconic-celebration-birthday-cake
gid://shopify/Product/8825537822889	grand-party-moment-cake
gid://shopify/Product/8825537921193	birthday-star-moment-cake
gid://shopify/Product/8825537953961	glowing-celebration-birthday-cake
gid://shopify/Product/8825537986729	party-essence-birthday-cake
gid://shopify/Product/8825538052265	celebration-harmony-cake
gid://shopify/Product/8825538117801	birthday-event-glow-cake
gid://shopify/Product/8825538347177	essence-celebration-birthday-cake
gid://shopify/Product/8825538379945	birthday-highlight-cake
gid://shopify/Product/8825538511017	celebration-wave-birthday-cake
gid://shopify/Product/8825538576553	party-bliss-birthday-cake
gid://shopify/Product/8825538642089	celebration-night-birthday-cake
gid://shopify/Product/8825538674857	festive-moment-birthday-cake
gid://shopify/Product/8825538707625	party-luxe-birthday-cake
gid://shopify/Product/8825538805929	celebration-glow-birthday-cake
gid://shopify/Product/8977645830313	shopify-flow
